{
    "init": ["Do you want a hot or cold sandwich?", "Hot", "Cold"],
    "hot": ["Dietary Restrictions", "None", "Vegan", "Gluten-Free"],
    "vegan": ["Choose your base", "Veggie Burger", "Grilled Vegetables"],
    "veggie-burger": ["Vegan cheese?", "Yes", "No"],
    "grilled-vegetables": ["Add avocado?", "Yes", "No"],
    "gluten-free": ["Choose your protein", "Grilled Chicken", "Beef Patty"],
    "none": ["What would you like?", "Chicken Sandwich", "Burger"],
    "chicken-sandwich": ["How would you like the chicken?", "Fried", "Grilled"],
    "fried": ["Choose your sauce", "BBQ", "Honey Mustard"],
    "grilled": ["Add bacon?", "Yes", "No"],
    "burger": ["What kind of cheese would you like?", "American", "Cheddar", "None"],
    "american": ["Add onions?", "Yes", "No"],
    "cheddar": ["Add pickles?", "Yes", "No"],
    "cold": ["Choose your cold option", "Sub", "Salad"],
    "sub": ["Choose your main ingredient", "Turkey", "Ham", "Veggie"],
    "turkey": ["Add cheese?", "Swiss", "Provolone", "No Cheese"],
    "ham": ["Condiments?", "Mayo", "Mustard", "Both", "None"],
    "veggie": ["Include avocado?", "Yes", "No"],
    "salad": ["Choose your salad base", "Caesar", "Garden", "Greek"]
  }
  